Name,Age,Email,Phone Number,Address
Christopher Cole,43,kathrynsimpson@example.com,533-883-0703x9069,"33884 Castro Curve
Michaelchester, NY 24633"
Courtney Martinez,19,jamesevans@example.net,9426297877,"3926 Schwartz Centers
Jasminetown, VA 28971"
Jo Wallace,91,davisvincent@example.org,+1-288-355-4975x38755,"361 Matthew Plaza Apt. 079
Hodgesberg, NV 55932"
Savannah Douglas,52,rebecca99@example.net,2388461196,"033 Mendez Hollow Apt. 190
West Debra, VA 20074"
Adrian Freeman,89,allenmccullough@example.org,654.827.6365x9774,"04449 Forbes Causeway
Port Danielland, NM 75341"
Daniel Graham,85,robertolson@example.org,536.374.9946x14223,"9304 Melinda Station
Richardside, IN 54289"
Christina Kim,91,travis10@example.com,001-447-809-3761,"82872 Brian Locks Suite 402
Priceville, RI 08513"
Edwin Brown,50,joshuarodriguez@example.com,2197031103,"838 Jeffrey Corner
East Dustin, MT 41425"
Kevin Valencia,24,larrysmith@example.net,+1-652-473-7663x3752,"1211 Casey Walk Apt. 948
South Kennethfort, AK 60352"
Michael Gill,24,amy97@example.org,001-704-507-7184x1502,"PSC 9987, Box 4009
APO AP 39047"
Daniel Jensen,93,leebrandi@example.org,424-306-0154x285,"45627 Kevin Square
Millerborough, AL 27569"
Christine Friedman,78,gpugh@example.com,001-924-666-2822x047,"PSC 2646, Box 9451
APO AA 60907"
Sarah Anderson,42,beckerchristopher@example.com,001-529-709-2607x536,"27498 Martin Row
North Emily, DE 79869"
Scott Davis,83,henrymaddox@example.net,001-900-981-5930x82399,"2007 Amanda Divide Apt. 000
South Jeffrey, GA 59753"
David Young,68,michael75@example.com,905-848-5234,"9571 Yoder Mountain Suite 755
Jaredland, OH 07860"
Ms. Jacqueline Johnson,77,clane@example.org,5619404899,"46309 Judith Cliffs Apt. 731
South Meagan, VA 05020"
Caroline Jones,18,sara75@example.org,986.275.0274x9317,"576 Denise Forges Suite 296
Brookschester, IN 80675"
Morgan Hall,34,pachecojohn@example.org,001-510-631-4811x228,"350 Webb Summit Apt. 744
West Jeremy, NH 17243"
Jonathan Erickson,40,lisa14@example.com,(703)603-6724x81858,"Unit 3199 Box 8778
DPO AE 69450"
Susan Edwards,55,bonnienichols@example.net,001-791-285-9112x0763,"8800 Rickey Villages Suite 952
Ambershire, TX 76359"
Annette Fields,48,veronicaschneider@example.net,214-652-0212,"80002 Richmond Lane Suite 752
Thompsonmouth, IN 98976"
Thomas Hampton,79,jamesbrown@example.org,(649)556-9542x59353,"46278 Hawkins Landing
Port Alexandratown, IA 24642"
Timothy Arias,24,daniel42@example.net,001-326-543-3023,"948 Rhodes Valleys
Port Henrystad, KS 29011"
Alec Perez,44,fpaul@example.org,5642830812,"065 Smith Well Suite 165
Feliciamouth, UT 17570"
Matthew Park,86,uoneal@example.org,291-557-6848,"292 Monica Mission Suite 728
Port Ryan, ID 87870"
Arthur Suarez,91,amy16@example.org,+1-691-624-6586x256,"5060 Anthony Prairie Suite 795
East Amymouth, WV 02307"
Abigail Scott,37,robert28@example.com,387.378.1825x74259,"72491 Munoz Plains Suite 224
West Johnburgh, OK 17412"
Frank Harris DVM,76,amy51@example.net,(884)980-0029x648,"93578 Eric Shoals
Richardsonmouth, LA 24713"
Jennifer Pearson,18,yesenia51@example.net,(497)630-0021x225,"87922 Thompson Wall Suite 065
Gallegosmouth, WV 94393"
Lisa Rush,45,lpollard@example.org,(374)458-6556,"8464 Young Inlet Suite 520
East Christine, PW 74466"
Linda Williams,94,lcunningham@example.net,492-494-4407x8500,"5099 Micheal Ports Apt. 707
Lake Robertborough, MP 55250"
Robert Santiago,55,jacquelinecarter@example.net,459-320-7391x080,"132 Rodriguez View Suite 845
West Michaelmouth, AL 63356"
Joshua Mccall,67,robert21@example.net,506.381.1417x26814,"720 Foster Divide
South Richard, GA 91565"
Nathan Lee,42,kevin80@example.com,(403)575-7766,"635 Watson Heights
Thompsonview, NE 42136"
Shannon Lawrence,20,woodwilliam@example.net,(577)396-8946x413,"076 Ferguson Dale
East Raymond, KS 24049"
Scott Jones,78,hartmannicole@example.net,262.377.2552x70204,"63400 Cruz Roads
Charlesfort, AL 64791"
Taylor Reeves,57,elizabeth94@example.org,+1-740-554-1919x12492,"56499 Matthews Passage Suite 853
Yangport, PR 31332"
Angela Ray,70,tharris@example.net,001-330-616-8836x34890,"971 Brittany Street
Kimberlymouth, MD 70055"
Dennis Collins,38,vlyons@example.com,751.418.1060x786,"52050 Parker River Suite 822
Lake Stephaniemouth, VT 60476"
Danny Howard,47,gfowler@example.com,6227365259,"245 Pierce Squares Suite 123
Manuelfurt, DE 65913"
Jennifer Russell,72,normansarah@example.com,(364)401-7720x555,"094 Reed Road Apt. 548
Drewmouth, CT 16053"
Robert Patterson,84,awerner@example.com,705.355.7279x902,"9439 Alexander Field Apt. 877
Davilaborough, WV 37350"
Reginald Cruz,25,kellylawrence@example.net,+1-698-274-9510,"8110 Evans Walks
Erikaview, KY 48631"
Ashley Schroeder,45,bradleyleslie@example.net,(644)804-2424x78740,"8955 Amy Mountains Suite 260
Seanfort, VA 94308"
David Fields,23,bmoore@example.org,(781)384-4107x622,"475 Neal Unions Apt. 085
New Tammyshire, MN 32435"
William Young,19,ssmith@example.net,+1-876-929-5784x0280,"USS Martin
FPO AP 12657"
Gail Howell,76,penaryan@example.com,+1-995-880-4667x7892,"392 Claire Mills
Allenburgh, MN 72448"
Victoria Martin,29,garciatiffany@example.com,(425)918-9437,"4271 Le Shore Apt. 431
East Aaronview, NM 94417"
Laura Harvey,64,troysnyder@example.net,+1-399-658-9420,"844 Wong Summit
Larsonhaven, FM 56059"
Sarah Harrell,55,cynthiafrazier@example.net,2279607377,"79861 Micheal Summit Suite 224
Johnview, OK 59024"
Brian Gutierrez,39,andrew01@example.net,430-817-5676,"712 Christina Mountains Apt. 819
Lewisbury, MI 19221"
Rachel Lowe,42,ttorres@example.com,(756)555-2297x700,"663 Sarah Fords
Mccoyburgh, RI 41114"
Lauren Velez,78,ogarza@example.org,4874871949,"88334 Nelson Dale
Tylerview, MA 08261"
Mike Castaneda,74,brian08@example.org,001-532-506-7055x8246,"2756 Gonzalez Pass
East Lindseyberg, VA 31511"
Stephen Cooper,38,leah43@example.net,(233)953-4570x476,"661 Dudley Heights Suite 502
Alexisland, TN 91966"
David Peterson,29,bvance@example.net,+1-258-934-8489x098,"7348 Stephanie Drives
Wilsonton, WV 08451"
Mr. Eric Sanchez DVM,53,jarvisjessica@example.net,223.861.3188x0587,"09149 Wesley Valley Apt. 796
West Rhondahaven, GU 48788"
Sandra Huang,36,kennethsmith@example.org,+1-505-528-1133x516,"50630 Valerie Pass
Port Mary, CA 65075"
Raymond Meyer,69,kimberlysimpson@example.org,(309)658-1249x579,"43027 Reyes Road
Chrisfurt, CT 26976"
Lori Parker,95,jonesbruce@example.org,270.606.3295x177,"45528 Smith Mountain
East Kristenfort, MH 75398"
Seth Lam,67,jason77@example.org,623-637-0425x505,"0205 Sawyer Brook
East Erinport, MN 42839"
Rebecca Sanders,46,karina44@example.net,387-599-5526,"00350 Wayne Mills Apt. 585
Hollowayside, VT 57890"
Jason Fitzgerald,72,christopher24@example.com,001-878-941-2128x08818,"933 Charles Expressway
New Richard, MP 13555"
Brittany Michael,51,coreyjimenez@example.org,684.765.9235,"645 Catherine Lodge Apt. 094
North Nancy, GA 18055"
Carlos Hughes,87,dsawyer@example.org,(722)412-1781x666,"5993 Adams Causeway
West Amberchester, NV 11589"
Dana Pena,36,ann80@example.net,633-948-3733x357,"1868 Meyer Circles Apt. 559
West Ralph, ME 40315"
Robert Howard,21,romansarah@example.com,8297695272,"162 Kevin Springs Apt. 645
East Patricia, OH 85354"
Russell Byrd,80,nyoung@example.org,001-691-818-8202x052,"Unit 1677 Box 1107
DPO AA 27073"
Bryan Reyes,49,dominicwilkerson@example.org,851.378.6730x472,"8567 Ponce Port
Lake Jasmine, VI 26026"
Isaac Barnes,50,haleystephens@example.net,(624)508-0809x269,"0275 Mcmillan Radial Apt. 720
Angelaburgh, TN 45105"
Jennifer Schmidt,35,amandareese@example.com,414.608.7504,"0852 White Corners
Dillonton, PW 50146"
Tina Robinson,22,ryanchavez@example.com,539.390.1575,"5084 Thompson Crest Apt. 503
Lake Mariotown, IL 32085"
Bobby Anderson,19,tbrowning@example.org,652-237-0911x258,"477 Matthew Unions Suite 109
Petershire, FM 87758"
Garrett Rodriguez,58,james17@example.net,992.393.3502x2980,"Unit 8498 Box 7546
DPO AP 30033"
Scott Martinez,98,ytorres@example.com,+1-202-836-1021x110,"8667 Janice Light
Lake Donaldville, SD 57618"
Julia Kaufman,95,johnny46@example.org,001-443-341-5980x34870,"028 Charles Summit
East Michaelville, PW 83036"
David Spencer,81,zschmidt@example.com,305-429-1731x641,"6486 Wilson Locks Apt. 817
Lake Tylerberg, MH 98714"
Christine Wong,90,jakewilson@example.org,3779641882,"4997 Faulkner Stravenue
Jamesfort, ME 34986"
Christy Smith,77,bellchad@example.org,001-513-522-0214x6899,"4693 Janet Unions
Lake Aaronfort, PW 51394"
Sandra Rosario,57,hpierce@example.net,7233227274,"10682 Martinez Burg
Christopherport, ND 00720"
Robin Burton,55,bruceallen@example.net,+1-399-424-6246x549,"USNS Martinez
FPO AE 74128"
Judy Spears,94,anne82@example.com,743-243-9205x0951,"837 Julie Flats Apt. 533
Grayborough, VI 43087"
Brooke Leonard,95,amber00@example.com,+1-766-688-5942x779,"5389 Arellano Haven Apt. 925
Timothyview, SD 17549"
Nancy Armstrong,48,matthew22@example.org,489.591.1389,"8596 Allison Branch Apt. 846
Bethanyton, NY 13174"
Ashley Brooks,27,adamssonya@example.net,(243)630-3571x5051,"142 Barry Alley
East Connietown, OK 51353"
Jesse Collier,76,jeffrey46@example.com,453-599-3376x243,"93956 Michael Curve
Moorestad, WA 12375"
Eric Knight,44,nwebb@example.org,2589269354,"028 Robert Stream Apt. 819
South Alicia, NH 16594"
David Michael,56,james11@example.org,+1-687-752-5780x9038,"Unit 5082 Box 5849
DPO AE 38589"
Chad Wilson,28,kimjean@example.com,308-707-8574x43492,"067 Carmen Vista Apt. 111
Port Kathleen, TN 88409"
Tammy Atkins,25,april06@example.org,535-696-8331x538,"688 Terry Mountains Apt. 931
Miguelmouth, VI 63755"
Daniel Summers,98,gjohnson@example.org,+1-237-978-9787x3854,"6813 David Meadow Suite 650
North Angie, SC 68560"
Dawn Pugh,20,timothy61@example.org,345-751-9874,"6991 Olson Route Apt. 833
North Brandon, RI 42563"
Shawn Greer,27,ysanchez@example.com,6993460128,"PSC 1213, Box 4444
APO AA 01892"
Mary Garcia,41,amandaatkinson@example.net,3108548189,"5408 William Brook
Port Aliciaview, TN 38854"
Robert Kennedy,46,vgreer@example.org,974-790-5682x833,"308 Rose Brook Suite 605
East Scottland, MT 50765"
Seth Hughes,18,arthurdavis@example.com,+1-901-847-6259x0973,"430 Brett Rest Suite 863
Kellyborough, HI 13997"
Holly Rodriguez,28,heidi15@example.net,+1-633-969-5114x305,"06198 Jennifer Villages Apt. 731
Lake Vincent, MA 33483"
Cheryl Nicholson,77,john52@example.org,922.357.0323x84672,"654 Thompson Hollow
Port Kimberlyville, DC 55273"
Amy Mcconnell,45,palmerpatricia@example.net,(999)969-7140x303,"52741 Mary Glens Apt. 738
Ronaldmouth, FM 85827"
Jose Navarro,24,clarkealexis@example.net,523-748-3999x575,"13802 Janet Bypass
Davidview, NJ 56017"
